source,run_id,scenario,model_name,batch_id,alpha,k,weighting,head_arch_rmb,val_f1_macro,val_acc,val_precision_macro,val_recall_macro,val_f1_judi,index_vectors,eval_time_s,trainable_params,train_time_s,catatan,timestamp,delta_vs_best_f1_macro_pp,is_tie_with_best,test_accuracy,test_f1_macro,test_f1_class1,test_precision_class1,test_recall_class1
vast,1,rmc,indobenchmark/indobert-base-p2,rmc_csv_20260725_095451,0.0,1,similarity,mlp,0.965301,0.979315,0.967441,0.963195,0.943249,6588,0.22,0,0.0,"Grid RM-c (weighting=similarity dikunci, head RM-b run#28), alpha=0,0 k=1 -- baseline murni head RM-b (retrieval diabaikan sepenuhnya) -- pembanding wajib: apakah RAC memperbaiki RM-b sama sekali?",2026-07-25 09:54:59,,,,,,,
vast,2,rmc,indobenchmark/indobert-base-p2,rmc_csv_20260725_095451,0.0,3,similarity,mlp,0.965301,0.979315,0.967441,0.963195,0.943249,6588,0.14,0,0.0,"Grid RM-c (weighting=similarity dikunci, head RM-b run#28), alpha=0,0 k=3 -- baseline murni head RM-b (retrieval diabaikan sepenuhnya) -- pembanding wajib: apakah RAC memperbaiki RM-b sama sekali?",2026-07-25 09:54:59,0.0,True,,,,,
vast,3,rmc,indobenchmark/indobert-base-p2,rmc_csv_20260725_095451,0.0,5,similarity,mlp,0.965301,0.979315,0.967441,0.963195,0.943249,6588,0.09,0,0.0,"Grid RM-c (weighting=similarity dikunci, head RM-b run#28), alpha=0,0 k=5 -- baseline murni head RM-b (retrieval diabaikan sepenuhnya) -- pembanding wajib: apakah RAC memperbaiki RM-b sama sekali?",2026-07-25 09:54:59,0.0,True,,,,,
vast,4,rmc,indobenchmark/indobert-base-p2,rmc_csv_20260725_095451,0.0,10,similarity,mlp,0.965301,0.979315,0.967441,0.963195,0.943249,6588,0.08,0,0.0,"Grid RM-c (weighting=similarity dikunci, head RM-b run#28), alpha=0,0 k=10 -- baseline murni head RM-b (retrieval diabaikan sepenuhnya) -- pembanding wajib: apakah RAC memperbaiki RM-b sama sekali?",2026-07-25 09:54:59,0.0,True,,,,,
vast,5,rmc,indobenchmark/indobert-base-p2,rmc_csv_20260725_095451,0.0,20,similarity,mlp,0.965301,0.979315,0.967441,0.963195,0.943249,6588,0.07,0,0.0,"Grid RM-c (weighting=similarity dikunci, head RM-b run#28), alpha=0,0 k=20 -- baseline murni head RM-b (retrieval diabaikan sepenuhnya) -- pembanding wajib: apakah RAC memperbaiki RM-b sama sekali?",2026-07-25 09:54:59,0.0,True,,,,,
vast,6,rmc,indobenchmark/indobert-base-p2,rmc_csv_20260725_095451,0.0,50,similarity,mlp,0.965301,0.979315,0.967441,0.963195,0.943249,6588,0.08,0,0.0,"Grid RM-c (weighting=similarity dikunci, head RM-b run#28), alpha=0,0 k=50 -- baseline murni head RM-b (retrieval diabaikan sepenuhnya) -- pembanding wajib: apakah RAC memperbaiki RM-b sama sekali?",2026-07-25 09:54:59,0.0,True,,,,,
vast,7,rmc,indobenchmark/indobert-base-p2,rmc_csv_20260725_095451,0.1,1,similarity,mlp,0.965301,0.979315,0.967441,0.963195,0.943249,6588,0.08,0,0.0,"Grid RM-c (weighting=similarity dikunci, head RM-b run#28), alpha=0.1 k=1 -- memetakan bobot fusi optimal x jumlah tetangga tanpa training tambahan.",2026-07-25 09:54:59,0.0,True,,,,,
vast,8,rmc,indobenchmark/indobert-base-p2,rmc_csv_20260725_095451,0.1,3,similarity,mlp,0.962794,0.977889,0.96638,0.959304,0.939096,6588,0.08,0,0.0,"Grid RM-c (weighting=similarity dikunci, head RM-b run#28), alpha=0.1 k=3 -- memetakan bobot fusi optimal x jumlah tetangga tanpa training tambahan.",2026-07-25 09:54:59,-0.2507,False,,,,,
vast,9,rmc,indobenchmark/indobert-base-p2,rmc_csv_20260725_095451,0.1,5,similarity,mlp,0.965195,0.979315,0.968799,0.961686,0.943026,6588,0.08,0,0.0,"Grid RM-c (weighting=similarity dikunci, head RM-b run#28), alpha=0.1 k=5 -- memetakan bobot fusi optimal x jumlah tetangga tanpa training tambahan.",2026-07-25 09:54:59,-0.0106,True,,,,,
vast,10,rmc,indobenchmark/indobert-base-p2,rmc_csv_20260725_095451,0.1,10,similarity,mlp,0.965195,0.979315,0.968799,0.961686,0.943026,6588,0.08,0,0.0,"Grid RM-c (weighting=similarity dikunci, head RM-b run#28), alpha=0.1 k=10 -- memetakan bobot fusi optimal x jumlah tetangga tanpa training tambahan.",2026-07-25 09:55:00,-0.0106,True,,,,,
vast,11,rmc,indobenchmark/indobert-base-p2,rmc_csv_20260725_095451,0.1,20,similarity,mlp,0.965195,0.979315,0.968799,0.961686,0.943026,6588,0.08,0,0.0,"Grid RM-c (weighting=similarity dikunci, head RM-b run#28), alpha=0.1 k=20 -- memetakan bobot fusi optimal x jumlah tetangga tanpa training tambahan.",2026-07-25 09:55:00,-0.0106,True,,,,,
vast,12,rmc,indobenchmark/indobert-base-p2,rmc_csv_20260725_095451,0.1,50,similarity,mlp,0.963939,0.978602,0.968276,0.95974,0.940945,6588,0.08,0,0.0,"Grid RM-c (weighting=similarity dikunci, head RM-b run#28), alpha=0.1 k=50 -- memetakan bobot fusi optimal x jumlah tetangga tanpa training tambahan.",2026-07-25 09:55:00,-0.1362,True,,,,,
vast,13,rmc,indobenchmark/indobert-base-p2,rmc_csv_20260725_095451,0.2,1,similarity,mlp,0.969995,0.982168,0.973637,0.96645,0.950884,6588,0.08,0,0.0,"Grid RM-c (weighting=similarity dikunci, head RM-b run#28), alpha=0.2 k=1 -- memetakan bobot fusi optimal x jumlah tetangga tanpa training tambahan.",2026-07-25 09:55:00,0.4694,False,,,,,
vast,14,rmc,indobenchmark/indobert-base-p2,rmc_csv_20260725_095451,0.2,3,similarity,mlp,0.968651,0.981455,0.974556,0.962996,0.948617,6588,0.08,0,0.0,"Grid RM-c (weighting=similarity dikunci, head RM-b run#28), alpha=0.2 k=3 -- memetakan bobot fusi optimal x jumlah tetangga tanpa training tambahan.",2026-07-25 09:55:00,-0.1344,True,,,,,
vast,15,rmc,indobenchmark/indobert-base-p2,rmc_csv_20260725_095451,0.2,5,similarity,mlp,0.969903,0.982168,0.975056,0.964941,0.95069,6588,0.08,0,0.0,"Grid RM-c (weighting=similarity dikunci, head RM-b run#28), alpha=0.2 k=5 -- memetakan bobot fusi optimal x jumlah tetangga tanpa training tambahan.",2026-07-25 09:55:00,-0.0092,True,,,,,
vast,16,rmc,indobenchmark/indobert-base-p2,rmc_csv_20260725_095451,0.2,10,similarity,mlp,0.96624,0.980029,0.972114,0.960614,0.944664,6588,0.08,0,0.0,"Grid RM-c (weighting=similarity dikunci, head RM-b run#28), alpha=0.2 k=10 -- memetakan bobot fusi optimal x jumlah tetangga tanpa training tambahan.",2026-07-25 09:55:00,-0.3755,False,,,,,
vast,17,rmc,indobenchmark/indobert-base-p2,rmc_csv_20260725_095451,0.2,20,similarity,mlp,0.96624,0.980029,0.972114,0.960614,0.944664,6588,0.08,0,0.0,"Grid RM-c (weighting=similarity dikunci, head RM-b run#28), alpha=0.2 k=20 -- memetakan bobot fusi optimal x jumlah tetangga tanpa training tambahan.",2026-07-25 09:55:00,-0.3755,False,,,,,
vast,18,rmc,indobenchmark/indobert-base-p2,rmc_csv_20260725_095451,0.2,50,similarity,mlp,0.96498,0.979315,0.971606,0.958668,0.942574,6588,0.08,0,0.0,"Grid RM-c (weighting=similarity dikunci, head RM-b run#28), alpha=0.2 k=50 -- memetakan bobot fusi optimal x jumlah tetangga tanpa training tambahan.",2026-07-25 09:55:00,-0.5015,False,,,,,
vast,19,rmc,indobenchmark/indobert-base-p2,rmc_csv_20260725_095451,0.3,1,similarity,mlp,0.967496,0.980742,0.972622,0.962559,0.946746,6588,0.08,0,0.0,"Grid RM-c (weighting=similarity dikunci, head RM-b run#28), alpha=0.3 k=1 -- memetakan bobot fusi optimal x jumlah tetangga tanpa training tambahan.",2026-07-25 09:55:00,-0.2499,False,,,,,
vast,20,rmc,indobenchmark/indobert-base-p2,rmc_csv_20260725_095451,0.3,3,similarity,mlp,0.967294,0.980742,0.975522,0.959542,0.946322,6588,0.08,0,0.0,"Grid RM-c (weighting=similarity dikunci, head RM-b run#28), alpha=0.3 k=3 -- memetakan bobot fusi optimal x jumlah tetangga tanpa training tambahan.",2026-07-25 09:55:01,-0.2701,False,,,,,
vast,21,rmc,indobenchmark/indobert-base-p2,rmc_csv_20260725_095451,0.3,5,similarity,mlp,0.967294,0.980742,0.975522,0.959542,0.946322,6588,0.08,0,0.0,"Grid RM-c (weighting=similarity dikunci, head RM-b run#28), alpha=0.3 k=5 -- memetakan bobot fusi optimal x jumlah tetangga tanpa training tambahan.",2026-07-25 09:55:01,-0.2701,False,,,,,
vast,22,rmc,indobenchmark/indobert-base-p2,rmc_csv_20260725_095451,0.3,10,similarity,mlp,0.966135,0.980029,0.973556,0.959105,0.944444,6588,0.08,0,0.0,"Grid RM-c (weighting=similarity dikunci, head RM-b run#28), alpha=0.3 k=10 -- memetakan bobot fusi optimal x jumlah tetangga tanpa training tambahan.",2026-07-25 09:55:01,-0.386,False,,,,,
vast,23,rmc,indobenchmark/indobert-base-p2,rmc_csv_20260725_095451,0.3,20,similarity,mlp,0.967294,0.980742,0.975522,0.959542,0.946322,6588,0.08,0,0.0,"Grid RM-c (weighting=similarity dikunci, head RM-b run#28), alpha=0.3 k=20 -- memetakan bobot fusi optimal x jumlah tetangga tanpa training tambahan.",2026-07-25 09:55:01,-0.2701,False,,,,,
vast,24,rmc,indobenchmark/indobert-base-p2,rmc_csv_20260725_095451,0.3,50,similarity,mlp,0.966135,0.980029,0.973556,0.959105,0.944444,6588,0.08,0,0.0,"Grid RM-c (weighting=similarity dikunci, head RM-b run#28), alpha=0.3 k=50 -- memetakan bobot fusi optimal x jumlah tetangga tanpa training tambahan.",2026-07-25 09:55:01,-0.386,False,,,,,
vast,25,rmc,indobenchmark/indobert-base-p2,rmc_csv_20260725_095451,0.4,1,similarity,mlp,0.968747,0.981455,0.973129,0.964505,0.948819,6588,0.08,0,0.0,"Grid RM-c (weighting=similarity dikunci, head RM-b run#28), alpha=0.4 k=1 -- memetakan bobot fusi optimal x jumlah tetangga tanpa training tambahan.",2026-07-25 09:55:01,-0.1248,True,,,,,
vast,26,rmc,indobenchmark/indobert-base-p2,rmc_csv_20260725_095451,0.4,3,similarity,mlp,0.968554,0.981455,0.976013,0.961487,0.948413,6588,0.08,0,0.0,"Grid RM-c (weighting=similarity dikunci, head RM-b run#28), alpha=0.4 k=3 -- memetakan bobot fusi optimal x jumlah tetangga tanpa training tambahan.",2026-07-25 09:55:01,-0.1441,True,,,,,
vast,27,rmc,indobenchmark/indobert-base-p2,rmc_csv_20260725_095451,0.4,5,similarity,mlp,0.968554,0.981455,0.976013,0.961487,0.948413,6588,0.08,0,0.0,"Grid RM-c (weighting=similarity dikunci, head RM-b run#28), alpha=0.4 k=5 -- memetakan bobot fusi optimal x jumlah tetangga tanpa training tambahan.",2026-07-25 09:55:01,-0.1441,True,,,,,
vast,28,rmc,indobenchmark/indobert-base-p2,rmc_csv_20260725_095451,0.4,10,similarity,mlp,0.968456,0.981455,0.977503,0.959978,0.948207,6588,0.08,0,0.0,"Grid RM-c (weighting=similarity dikunci, head RM-b run#28), alpha=0.4 k=10 -- memetakan bobot fusi optimal x jumlah tetangga tanpa training tambahan.",2026-07-25 09:55:01,-0.1539,False,,,,,
vast,29,rmc,indobenchmark/indobert-base-p2,rmc_csv_20260725_095451,0.4,20,similarity,mlp,0.967192,0.980742,0.97702,0.958033,0.946108,6588,0.08,0,0.0,"Grid RM-c (weighting=similarity dikunci, head RM-b run#28), alpha=0.4 k=20 -- memetakan bobot fusi optimal x jumlah tetangga tanpa training tambahan.",2026-07-25 09:55:01,-0.2803,False,,,,,
vast,30,rmc,indobenchmark/indobert-base-p2,rmc_csv_20260725_095451,0.4,50,similarity,mlp,0.967192,0.980742,0.97702,0.958033,0.946108,6588,0.08,0,0.0,"Grid RM-c (weighting=similarity dikunci, head RM-b run#28), alpha=0.4 k=50 -- memetakan bobot fusi optimal x jumlah tetangga tanpa training tambahan.",2026-07-25 09:55:02,-0.2803,False,,,,,
vast,31,rmc,indobenchmark/indobert-base-p2,rmc_csv_20260725_095451,0.5,1,similarity,mlp,0.938222,0.963623,0.945941,0.930955,0.898608,6588,0.08,0,0.0,"Grid RM-c (weighting=similarity dikunci, head RM-b run#28), alpha=0.5 k=1 -- memetakan bobot fusi optimal x jumlah tetangga tanpa training tambahan.",2026-07-25 09:55:02,-3.1773,False,,,,,
vast,32,rmc,indobenchmark/indobert-base-p2,rmc_csv_20260725_095451,0.5,3,similarity,mlp,0.965816,0.980029,0.978077,0.954578,0.943775,6588,0.08,0,0.0,"Grid RM-c (weighting=similarity dikunci, head RM-b run#28), alpha=0.5 k=3 -- memetakan bobot fusi optimal x jumlah tetangga tanpa training tambahan.",2026-07-25 09:55:02,-0.4179,False,,,,,
vast,33,rmc,indobenchmark/indobert-base-p2,rmc_csv_20260725_095451,0.5,5,similarity,mlp,0.968358,0.981455,0.979026,0.958469,0.948,6588,0.08,0,0.0,"Grid RM-c (weighting=similarity dikunci, head RM-b run#28), alpha=0.5 k=5 -- memetakan bobot fusi optimal x jumlah tetangga tanpa training tambahan.",2026-07-25 09:55:02,-0.1637,False,,,,,
vast,34,rmc,indobenchmark/indobert-base-p2,rmc_csv_20260725_095451,0.5,10,similarity,mlp,0.965816,0.980029,0.978077,0.954578,0.943775,6588,0.08,0,0.0,"Grid RM-c (weighting=similarity dikunci, head RM-b run#28), alpha=0.5 k=10 -- memetakan bobot fusi optimal x jumlah tetangga tanpa training tambahan.",2026-07-25 09:55:02,-0.4179,False,,,,,
vast,35,rmc,indobenchmark/indobert-base-p2,rmc_csv_20260725_095451,0.5,20,similarity,mlp,0.967089,0.980742,0.978552,0.956524,0.945892,6588,0.09,0,0.0,"Grid RM-c (weighting=similarity dikunci, head RM-b run#28), alpha=0.5 k=20 -- memetakan bobot fusi optimal x jumlah tetangga tanpa training tambahan.",2026-07-25 09:55:02,-0.2906,False,,,,,
vast,36,rmc,indobenchmark/indobert-base-p2,rmc_csv_20260725_095451,0.5,50,similarity,mlp,0.963259,0.978602,0.97713,0.950687,0.939516,6588,0.08,0,0.0,"Grid RM-c (weighting=similarity dikunci, head RM-b run#28), alpha=0.5 k=50 -- memetakan bobot fusi optimal x jumlah tetangga tanpa training tambahan.",2026-07-25 09:55:02,-0.6736,False,,,,,
vast,37,rmc,indobenchmark/indobert-base-p2,rmc_csv_20260725_095451,0.6,1,similarity,mlp,0.938222,0.963623,0.945941,0.930955,0.898608,6588,0.14,0,0.0,"Grid RM-c (weighting=similarity dikunci, head RM-b run#28), alpha=0.6 k=1 -- memetakan bobot fusi optimal x jumlah tetangga tanpa training tambahan.",2026-07-25 09:55:02,-3.1773,False,,,,,
vast,38,rmc,indobenchmark/indobert-base-p2,rmc_csv_20260725_095451,0.6,3,similarity,mlp,0.965816,0.980029,0.978077,0.954578,0.943775,6588,0.04,0,0.0,"Grid RM-c (weighting=similarity dikunci, head RM-b run#28), alpha=0.6 k=3 -- memetakan bobot fusi optimal x jumlah tetangga tanpa training tambahan.",2026-07-25 09:55:02,-0.4179,False,,,,,
vast,39,rmc,indobenchmark/indobert-base-p2,rmc_csv_20260725_095451,0.6,5,similarity,mlp,0.964314,0.979315,0.980805,0.949615,0.941176,6588,0.06,0,0.0,"Grid RM-c (weighting=similarity dikunci, head RM-b run#28), alpha=0.6 k=5 -- memetakan bobot fusi optimal x jumlah tetangga tanpa training tambahan.",2026-07-25 09:55:03,-0.5681,False,,,,,
vast,40,rmc,indobenchmark/indobert-base-p2,rmc_csv_20260725_095451,0.6,10,similarity,mlp,0.959392,0.976462,0.97571,0.944851,0.933063,6588,0.08,0,0.0,"Grid RM-c (weighting=similarity dikunci, head RM-b run#28), alpha=0.6 k=10 -- memetakan bobot fusi optimal x jumlah tetangga tanpa training tambahan.",2026-07-25 09:55:03,-1.0603,False,,,,,
vast,41,rmc,indobenchmark/indobert-base-p2,rmc_csv_20260725_095451,0.6,20,similarity,mlp,0.95913,0.976462,0.978986,0.941833,0.932515,6588,0.08,0,0.0,"Grid RM-c (weighting=similarity dikunci, head RM-b run#28), alpha=0.6 k=20 -- memetakan bobot fusi optimal x jumlah tetangga tanpa training tambahan.",2026-07-25 09:55:03,-1.0865,False,,,,,
vast,42,rmc,indobenchmark/indobert-base-p2,rmc_csv_20260725_095451,0.6,50,similarity,mlp,0.95796,0.975749,0.976867,0.941396,0.930612,6588,0.08,0,0.0,"Grid RM-c (weighting=similarity dikunci, head RM-b run#28), alpha=0.6 k=50 -- memetakan bobot fusi optimal x jumlah tetangga tanpa training tambahan.",2026-07-25 09:55:03,-1.2035,False,,,,,
vast,43,rmc,indobenchmark/indobert-base-p2,rmc_csv_20260725_095451,0.7,1,similarity,mlp,0.938222,0.963623,0.945941,0.930955,0.898608,6588,0.08,0,0.0,"Grid RM-c (weighting=similarity dikunci, head RM-b run#28), alpha=0.7 k=1 -- memetakan bobot fusi optimal x jumlah tetangga tanpa training tambahan.",2026-07-25 09:55:03,-3.1773,False,,,,,
vast,44,rmc,indobenchmark/indobert-base-p2,rmc_csv_20260725_095451,0.7,3,similarity,mlp,0.960685,0.977175,0.976183,0.946796,0.935223,6588,0.07,0,0.0,"Grid RM-c (weighting=similarity dikunci, head RM-b run#28), alpha=0.7 k=3 -- memetakan bobot fusi optimal x jumlah tetangga tanpa training tambahan.",2026-07-25 09:55:03,-0.931,False,,,,,
vast,45,rmc,indobenchmark/indobert-base-p2,rmc_csv_20260725_095451,0.7,5,similarity,mlp,0.958228,0.975749,0.973644,0.944414,0.931174,6588,0.08,0,0.0,"Grid RM-c (weighting=similarity dikunci, head RM-b run#28), alpha=0.7 k=5 -- memetakan bobot fusi optimal x jumlah tetangga tanpa training tambahan.",2026-07-25 09:55:03,-1.1767,False,,,,,
vast,46,rmc,indobenchmark/indobert-base-p2,rmc_csv_20260725_095451,0.7,10,similarity,mlp,0.955343,0.974322,0.975941,0.937505,0.92623,6588,0.08,0,0.0,"Grid RM-c (weighting=similarity dikunci, head RM-b run#28), alpha=0.7 k=10 -- memetakan bobot fusi optimal x jumlah tetangga tanpa training tambahan.",2026-07-25 09:55:03,-1.4652,False,,,,,
vast,47,rmc,indobenchmark/indobert-base-p2,rmc_csv_20260725_095451,0.7,20,similarity,mlp,0.952709,0.972896,0.975016,0.933614,0.921811,6588,0.08,0,0.0,"Grid RM-c (weighting=similarity dikunci, head RM-b run#28), alpha=0.7 k=20 -- memetakan bobot fusi optimal x jumlah tetangga tanpa training tambahan.",2026-07-25 09:55:03,-1.7286,False,,,,,
vast,48,rmc,indobenchmark/indobert-base-p2,rmc_csv_20260725_095451,0.7,50,similarity,mlp,0.947214,0.970043,0.974916,0.924323,0.9125,6588,0.08,0,0.0,"Grid RM-c (weighting=similarity dikunci, head RM-b run#28), alpha=0.7 k=50 -- memetakan bobot fusi optimal x jumlah tetangga tanpa training tambahan.",2026-07-25 09:55:03,-2.2781,False,,,,,
vast,49,rmc,indobenchmark/indobert-base-p2,rmc_csv_20260725_095451,0.8,1,similarity,mlp,0.938222,0.963623,0.945941,0.930955,0.898608,6588,0.09,0,0.0,"Grid RM-c (weighting=similarity dikunci, head RM-b run#28), alpha=0.8 k=1 -- memetakan bobot fusi optimal x jumlah tetangga tanpa training tambahan.",2026-07-25 09:55:04,-3.1773,False,,,,,
vast,50,rmc,indobenchmark/indobert-base-p2,rmc_csv_20260725_095451,0.8,3,similarity,mlp,0.941027,0.965763,0.955872,0.927739,0.902834,6588,0.07,0,0.0,"Grid RM-c (weighting=similarity dikunci, head RM-b run#28), alpha=0.8 k=3 -- memetakan bobot fusi optimal x jumlah tetangga tanpa training tambahan.",2026-07-25 09:55:04,-2.8968,False,,,,,
vast,51,rmc,indobenchmark/indobert-base-p2,rmc_csv_20260725_095451,0.8,5,similarity,mlp,0.951699,0.972183,0.971239,0.934686,0.920245,6588,0.08,0,0.0,"Grid RM-c (weighting=similarity dikunci, head RM-b run#28), alpha=0.8 k=5 -- memetakan bobot fusi optimal x jumlah tetangga tanpa training tambahan.",2026-07-25 09:55:04,-1.8296,False,,,,,
vast,52,rmc,indobenchmark/indobert-base-p2,rmc_csv_20260725_095451,0.8,10,similarity,mlp,0.952554,0.972896,0.976721,0.932105,0.921488,6588,0.08,0,0.0,"Grid RM-c (weighting=similarity dikunci, head RM-b run#28), alpha=0.8 k=10 -- memetakan bobot fusi optimal x jumlah tetangga tanpa training tambahan.",2026-07-25 09:55:04,-1.7441,False,,,,,
vast,53,rmc,indobenchmark/indobert-base-p2,rmc_csv_20260725_095451,0.8,20,similarity,mlp,0.946223,0.96933,0.970994,0.925395,0.910973,6588,0.08,0,0.0,"Grid RM-c (weighting=similarity dikunci, head RM-b run#28), alpha=0.8 k=20 -- memetakan bobot fusi optimal x jumlah tetangga tanpa training tambahan.",2026-07-25 09:55:04,-2.3772,False,,,,,
vast,54,rmc,indobenchmark/indobert-base-p2,rmc_csv_20260725_095451,0.8,50,similarity,mlp,0.936951,0.964337,0.965958,0.913286,0.895397,6588,0.08,0,0.0,"Grid RM-c (weighting=similarity dikunci, head RM-b run#28), alpha=0.8 k=50 -- memetakan bobot fusi optimal x jumlah tetangga tanpa training tambahan.",2026-07-25 09:55:04,-3.3044,False,,,,,
vast,55,rmc,indobenchmark/indobert-base-p2,rmc_csv_20260725_095451,0.9,1,similarity,mlp,0.938222,0.963623,0.945941,0.930955,0.898608,6588,0.08,0,0.0,"Grid RM-c (weighting=similarity dikunci, head RM-b run#28), alpha=0.9 k=1 -- memetakan bobot fusi optimal x jumlah tetangga tanpa training tambahan.",2026-07-25 09:55:04,-3.1773,False,,,,,
vast,56,rmc,indobenchmark/indobert-base-p2,rmc_csv_20260725_095451,0.9,3,similarity,mlp,0.939703,0.96505,0.95533,0.925793,0.900609,6588,0.08,0,0.0,"Grid RM-c (weighting=similarity dikunci, head RM-b run#28), alpha=0.9 k=3 -- memetakan bobot fusi optimal x jumlah tetangga tanpa training tambahan.",2026-07-25 09:55:04,-3.0292,False,,,,,
vast,57,rmc,indobenchmark/indobert-base-p2,rmc_csv_20260725_095451,0.9,5,similarity,mlp,0.941413,0.966476,0.964079,0.92214,0.903093,6588,0.08,0,0.0,"Grid RM-c (weighting=similarity dikunci, head RM-b run#28), alpha=0.9 k=5 -- memetakan bobot fusi optimal x jumlah tetangga tanpa training tambahan.",2026-07-25 09:55:04,-2.8582,False,,,,,
vast,58,rmc,indobenchmark/indobert-base-p2,rmc_csv_20260725_095451,0.9,10,similarity,mlp,0.946046,0.96933,0.97271,0.923887,0.910603,6588,0.08,0,0.0,"Grid RM-c (weighting=similarity dikunci, head RM-b run#28), alpha=0.9 k=10 -- memetakan bobot fusi optimal x jumlah tetangga tanpa training tambahan.",2026-07-25 09:55:04,-2.3949,False,,,,,
vast,59,rmc,indobenchmark/indobert-base-p2,rmc_csv_20260725_095451,0.9,20,similarity,mlp,0.942377,0.96719,0.967877,0.921068,0.904564,6588,0.08,0,0.0,"Grid RM-c (weighting=similarity dikunci, head RM-b run#28), alpha=0.9 k=20 -- memetakan bobot fusi optimal x jumlah tetangga tanpa training tambahan.",2026-07-25 09:55:04,-2.7618,False,,,,,
vast,60,rmc,indobenchmark/indobert-base-p2,rmc_csv_20260725_095451,0.9,50,similarity,mlp,0.921906,0.956491,0.958863,0.893394,0.869936,6588,0.08,0,0.0,"Grid RM-c (weighting=similarity dikunci, head RM-b run#28), alpha=0.9 k=50 -- memetakan bobot fusi optimal x jumlah tetangga tanpa training tambahan.",2026-07-25 09:55:05,-4.8089,False,,,,,
vast,61,rmc,indobenchmark/indobert-base-p2,rmc_csv_20260725_095451,1.0,1,similarity,mlp,0.938222,0.963623,0.945941,0.930955,0.898608,6588,0.08,0,0.0,"Grid RM-c (weighting=similarity dikunci, head RM-b run#28), alpha=1,0 k=1 -- baseline murni retrieval k-NN (head diabaikan sepenuhnya) -- batas atas pengaruh retrieval.",2026-07-25 09:55:05,-3.1773,False,,,,,
vast,62,rmc,indobenchmark/indobert-base-p2,rmc_csv_20260725_095451,1.0,3,similarity,mlp,0.939703,0.96505,0.95533,0.925793,0.900609,6588,0.08,0,0.0,"Grid RM-c (weighting=similarity dikunci, head RM-b run#28), alpha=1,0 k=3 -- baseline murni retrieval k-NN (head diabaikan sepenuhnya) -- batas atas pengaruh retrieval.",2026-07-25 09:55:05,-3.0292,False,,,,,
vast,63,rmc,indobenchmark/indobert-base-p2,rmc_csv_20260725_095451,1.0,5,similarity,mlp,0.941413,0.966476,0.964079,0.92214,0.903093,6588,0.08,0,0.0,"Grid RM-c (weighting=similarity dikunci, head RM-b run#28), alpha=1,0 k=5 -- baseline murni retrieval k-NN (head diabaikan sepenuhnya) -- batas atas pengaruh retrieval.",2026-07-25 09:55:05,-2.8582,False,,,,,
vast,64,rmc,indobenchmark/indobert-base-p2,rmc_csv_20260725_095451,1.0,10,similarity,mlp,0.943722,0.967903,0.968357,0.923013,0.906832,6588,0.08,0,0.0,"Grid RM-c (weighting=similarity dikunci, head RM-b run#28), alpha=1,0 k=10 -- baseline murni retrieval k-NN (head diabaikan sepenuhnya) -- batas atas pengaruh retrieval.",2026-07-25 09:55:05,-2.6273,False,,,,,
vast,65,rmc,indobenchmark/indobert-base-p2,rmc_csv_20260725_095451,1.0,20,similarity,mlp,0.938314,0.96505,0.966438,0.915231,0.897704,6588,0.08,0,0.0,"Grid RM-c (weighting=similarity dikunci, head RM-b run#28), alpha=1,0 k=20 -- baseline murni retrieval k-NN (head diabaikan sepenuhnya) -- batas atas pengaruh retrieval.",2026-07-25 09:55:05,-3.1681,False,,,,,
vast,66,rmc,indobenchmark/indobert-base-p2,rmc_csv_20260725_095451,1.0,50,similarity,mlp,0.907519,0.949358,0.953948,0.873938,0.845316,6588,0.08,0,0.0,"Grid RM-c (weighting=similarity dikunci, head RM-b run#28), alpha=1,0 k=50 -- baseline murni retrieval k-NN (head diabaikan sepenuhnya) -- batas atas pengaruh retrieval.",2026-07-25 09:55:05,-6.2476,False,,,,,
vast,67,rmc,indobenchmark/indobert-base-p2,rmc_csv_20260725_095921,0.2,5,uniform,mlp,0.969903,0.982168,0.975056,0.964941,0.95069,6588,0.25,0,0.0,"Tahap 2 RM-c -- cek weighting=uniform di sel yang direkomendasikan (alpha=0,2 k=5, val F1-macro 0,969903 dgn weighting=similarity -- dipilih atas juara mekanis k=1/0,969995 karena k=1 secara statistik seri (delta 0,0092pp) tapi kurvanya tidak stabil/rentan 1 tetangga). Hasil similarity di sel ini sudah ada (run #15 Tahap 1) -- tinggal bandingkan apakah uniform lebih baik/sama/lebih buruk.",2026-07-25 09:59:29,-0.0092,True,,,,,
cheap_head,1,rmc,indobenchmark/indobert-base-p2,rmc_cheap_head_grid,0.0,1,similarity,linear,0.912507,0.944365,0.891506,0.93878,0.859712,6588,0.19,0,0.0,"Grid RM-c (head RM-b termurah = run#1 linear, cost-ablation), alpha=0.0 k=1, weighting=similarity -- replikasi metodologi grid resmi (RMC_TUNING_GRID.md) tapi dengan head linear (1.538 param) bukan mlp/1024.",2026-08-03 14:07:00,,,,,,,
cheap_head,2,rmc,indobenchmark/indobert-base-p2,rmc_cheap_head_grid,0.0,3,similarity,linear,0.912507,0.944365,0.891506,0.93878,0.859712,6588,0.15,0,0.0,"Grid RM-c (head RM-b termurah = run#1 linear, cost-ablation), alpha=0.0 k=3, weighting=similarity -- replikasi metodologi grid resmi (RMC_TUNING_GRID.md) tapi dengan head linear (1.538 param) bukan mlp/1024.",2026-08-03 14:07:00,0.0,True,,,,,
cheap_head,3,rmc,indobenchmark/indobert-base-p2,rmc_cheap_head_grid,0.0,5,similarity,linear,0.912507,0.944365,0.891506,0.93878,0.859712,6588,0.1,0,0.0,"Grid RM-c (head RM-b termurah = run#1 linear, cost-ablation), alpha=0.0 k=5, weighting=similarity -- replikasi metodologi grid resmi (RMC_TUNING_GRID.md) tapi dengan head linear (1.538 param) bukan mlp/1024.",2026-08-03 14:07:00,0.0,True,,,,,
cheap_head,4,rmc,indobenchmark/indobert-base-p2,rmc_cheap_head_grid,0.0,10,similarity,linear,0.912507,0.944365,0.891506,0.93878,0.859712,6588,0.1,0,0.0,"Grid RM-c (head RM-b termurah = run#1 linear, cost-ablation), alpha=0.0 k=10, weighting=similarity -- replikasi metodologi grid resmi (RMC_TUNING_GRID.md) tapi dengan head linear (1.538 param) bukan mlp/1024.",2026-08-03 14:07:00,0.0,True,,,,,
cheap_head,5,rmc,indobenchmark/indobert-base-p2,rmc_cheap_head_grid,0.0,20,similarity,linear,0.912507,0.944365,0.891506,0.93878,0.859712,6588,0.1,0,0.0,"Grid RM-c (head RM-b termurah = run#1 linear, cost-ablation), alpha=0.0 k=20, weighting=similarity -- replikasi metodologi grid resmi (RMC_TUNING_GRID.md) tapi dengan head linear (1.538 param) bukan mlp/1024.",2026-08-03 14:07:00,0.0,True,,,,,
cheap_head,6,rmc,indobenchmark/indobert-base-p2,rmc_cheap_head_grid,0.0,50,similarity,linear,0.912507,0.944365,0.891506,0.93878,0.859712,6588,0.11,0,0.0,"Grid RM-c (head RM-b termurah = run#1 linear, cost-ablation), alpha=0.0 k=50, weighting=similarity -- replikasi metodologi grid resmi (RMC_TUNING_GRID.md) tapi dengan head linear (1.538 param) bukan mlp/1024.",2026-08-03 14:07:00,0.0,True,,,,,
cheap_head,7,rmc,indobenchmark/indobert-base-p2,rmc_cheap_head_grid,0.1,1,similarity,linear,0.9291,0.955777,0.913443,0.947275,0.885609,6588,0.12,0,0.0,"Grid RM-c (head RM-b termurah = run#1 linear, cost-ablation), alpha=0.1 k=1, weighting=similarity -- replikasi metodologi grid resmi (RMC_TUNING_GRID.md) tapi dengan head linear (1.538 param) bukan mlp/1024.",2026-08-03 14:07:01,1.6593,False,,,,,
cheap_head,8,rmc,indobenchmark/indobert-base-p2,rmc_cheap_head_grid,0.1,3,similarity,linear,0.926813,0.954351,0.911241,0.944893,0.881919,6588,0.18,0,0.0,"Grid RM-c (head RM-b termurah = run#1 linear, cost-ablation), alpha=0.1 k=3, weighting=similarity -- replikasi metodologi grid resmi (RMC_TUNING_GRID.md) tapi dengan head linear (1.538 param) bukan mlp/1024.",2026-08-03 14:07:01,-0.2287,False,,,,,
cheap_head,9,rmc,indobenchmark/indobert-base-p2,rmc_cheap_head_grid,0.1,5,similarity,linear,0.926813,0.954351,0.911241,0.944893,0.881919,6588,0.1,0,0.0,"Grid RM-c (head RM-b termurah = run#1 linear, cost-ablation), alpha=0.1 k=5, weighting=similarity -- replikasi metodologi grid resmi (RMC_TUNING_GRID.md) tapi dengan head linear (1.538 param) bukan mlp/1024.",2026-08-03 14:07:01,-0.2287,False,,,,,
cheap_head,10,rmc,indobenchmark/indobert-base-p2,rmc_cheap_head_grid,0.1,10,similarity,linear,0.925773,0.953638,0.909768,0.944457,0.880295,6588,0.11,0,0.0,"Grid RM-c (head RM-b termurah = run#1 linear, cost-ablation), alpha=0.1 k=10, weighting=similarity -- replikasi metodologi grid resmi (RMC_TUNING_GRID.md) tapi dengan head linear (1.538 param) bukan mlp/1024.",2026-08-03 14:07:01,-0.3327,False,,,,,
cheap_head,11,rmc,indobenchmark/indobert-base-p2,rmc_cheap_head_grid,0.1,20,similarity,linear,0.923489,0.952211,0.907571,0.942074,0.876611,6588,0.1,0,0.0,"Grid RM-c (head RM-b termurah = run#1 linear, cost-ablation), alpha=0.1 k=20, weighting=similarity -- replikasi metodologi grid resmi (RMC_TUNING_GRID.md) tapi dengan head linear (1.538 param) bukan mlp/1024.",2026-08-03 14:07:01,-0.5611,False,,,,,
cheap_head,12,rmc,indobenchmark/indobert-base-p2,rmc_cheap_head_grid,0.1,50,similarity,linear,0.922238,0.951498,0.906837,0.940129,0.874539,6588,0.11,0,0.0,"Grid RM-c (head RM-b termurah = run#1 linear, cost-ablation), alpha=0.1 k=50, weighting=similarity -- replikasi metodologi grid resmi (RMC_TUNING_GRID.md) tapi dengan head linear (1.538 param) bukan mlp/1024.",2026-08-03 14:07:02,-0.6862,False,,,,,
cheap_head,13,rmc,indobenchmark/indobert-base-p2,rmc_cheap_head_grid,0.2,1,similarity,linear,0.940929,0.963623,0.929489,0.953588,0.904315,6588,0.11,0,0.0,"Grid RM-c (head RM-b termurah = run#1 linear, cost-ablation), alpha=0.2 k=1, weighting=similarity -- replikasi metodologi grid resmi (RMC_TUNING_GRID.md) tapi dengan head linear (1.538 param) bukan mlp/1024.",2026-08-03 14:07:02,1.1829,False,,,,,
cheap_head,14,rmc,indobenchmark/indobert-base-p2,rmc_cheap_head_grid,0.2,3,similarity,linear,0.939857,0.96291,0.927907,0.953151,0.902622,6588,0.1,0,0.0,"Grid RM-c (head RM-b termurah = run#1 linear, cost-ablation), alpha=0.2 k=3, weighting=similarity -- replikasi metodologi grid resmi (RMC_TUNING_GRID.md) tapi dengan head linear (1.538 param) bukan mlp/1024.",2026-08-03 14:07:02,-0.1072,True,,,,,
cheap_head,15,rmc,indobenchmark/indobert-base-p2,rmc_cheap_head_grid,0.2,5,similarity,linear,0.939684,0.96291,0.928821,0.951642,0.902256,6588,0.1,0,0.0,"Grid RM-c (head RM-b termurah = run#1 linear, cost-ablation), alpha=0.2 k=5, weighting=similarity -- replikasi metodologi grid resmi (RMC_TUNING_GRID.md) tapi dengan head linear (1.538 param) bukan mlp/1024.",2026-08-03 14:07:02,-0.1245,True,,,,,
cheap_head,16,rmc,indobenchmark/indobert-base-p2,rmc_cheap_head_grid,0.2,10,similarity,linear,0.940414,0.963623,0.932349,0.949061,0.903226,6588,0.1,0,0.0,"Grid RM-c (head RM-b termurah = run#1 linear, cost-ablation), alpha=0.2 k=10, weighting=similarity -- replikasi metodologi grid resmi (RMC_TUNING_GRID.md) tapi dengan head linear (1.538 param) bukan mlp/1024.",2026-08-03 14:07:02,-0.0515,True,,,,,
cheap_head,17,rmc,indobenchmark/indobert-base-p2,rmc_cheap_head_grid,0.2,20,similarity,linear,0.935927,0.96077,0.926812,0.945806,0.89603,6588,0.11,0,0.0,"Grid RM-c (head RM-b termurah = run#1 linear, cost-ablation), alpha=0.2 k=20, weighting=similarity -- replikasi metodologi grid resmi (RMC_TUNING_GRID.md) tapi dengan head linear (1.538 param) bukan mlp/1024.",2026-08-03 14:07:02,-0.5002,False,,,,,
cheap_head,18,rmc,indobenchmark/indobert-base-p2,rmc_cheap_head_grid,0.2,50,similarity,linear,0.934857,0.960057,0.925209,0.945369,0.89434,6588,0.13,0,0.0,"Grid RM-c (head RM-b termurah = run#1 linear, cost-ablation), alpha=0.2 k=50, weighting=similarity -- replikasi metodologi grid resmi (RMC_TUNING_GRID.md) tapi dengan head linear (1.538 param) bukan mlp/1024.",2026-08-03 14:07:03,-0.6072,False,,,,,
cheap_head,19,rmc,indobenchmark/indobert-base-p2,rmc_cheap_head_grid,0.3,1,similarity,linear,0.946958,0.967903,0.94241,0.951681,0.913628,6588,0.13,0,0.0,"Grid RM-c (head RM-b termurah = run#1 linear, cost-ablation), alpha=0.3 k=1, weighting=similarity -- replikasi metodologi grid resmi (RMC_TUNING_GRID.md) tapi dengan head linear (1.538 param) bukan mlp/1024.",2026-08-03 14:07:03,0.6029,False,,,,,
cheap_head,20,rmc,indobenchmark/indobert-base-p2,rmc_cheap_head_grid,0.3,3,similarity,linear,0.944764,0.966476,0.939006,0.950808,0.910134,6588,0.1,0,0.0,"Grid RM-c (head RM-b termurah = run#1 linear, cost-ablation), alpha=0.3 k=3, weighting=similarity -- replikasi metodologi grid resmi (RMC_TUNING_GRID.md) tapi dengan head linear (1.538 param) bukan mlp/1024.",2026-08-03 14:07:03,-0.2194,False,,,,,
cheap_head,21,rmc,indobenchmark/indobert-base-p2,rmc_cheap_head_grid,0.3,5,similarity,linear,0.946958,0.967903,0.94241,0.951681,0.913628,6588,0.11,0,0.0,"Grid RM-c (head RM-b termurah = run#1 linear, cost-ablation), alpha=0.3 k=5, weighting=similarity -- replikasi metodologi grid resmi (RMC_TUNING_GRID.md) tapi dengan head linear (1.538 param) bukan mlp/1024.",2026-08-03 14:07:03,0.0,True,,,,,
cheap_head,22,rmc,indobenchmark/indobert-base-p2,rmc_cheap_head_grid,0.3,10,similarity,linear,0.945699,0.96719,0.941791,0.949736,0.911538,6588,0.11,0,0.0,"Grid RM-c (head RM-b termurah = run#1 linear, cost-ablation), alpha=0.3 k=10, weighting=similarity -- replikasi metodologi grid resmi (RMC_TUNING_GRID.md) tapi dengan head linear (1.538 param) bukan mlp/1024.",2026-08-03 14:07:03,-0.1259,True,,,,,
cheap_head,23,rmc,indobenchmark/indobert-base-p2,rmc_cheap_head_grid,0.3,20,similarity,linear,0.943338,0.965763,0.939451,0.947354,0.907692,6588,0.1,0,0.0,"Grid RM-c (head RM-b termurah = run#1 linear, cost-ablation), alpha=0.3 k=20, weighting=similarity -- replikasi metodologi grid resmi (RMC_TUNING_GRID.md) tapi dengan head linear (1.538 param) bukan mlp/1024.",2026-08-03 14:07:04,-0.362,False,,,,,
cheap_head,24,rmc,indobenchmark/indobert-base-p2,rmc_cheap_head_grid,0.3,50,similarity,linear,0.940801,0.964337,0.938197,0.943463,0.903475,6588,0.11,0,0.0,"Grid RM-c (head RM-b termurah = run#1 linear, cost-ablation), alpha=0.3 k=50, weighting=similarity -- replikasi metodologi grid resmi (RMC_TUNING_GRID.md) tapi dengan head linear (1.538 param) bukan mlp/1024.",2026-08-03 14:07:04,-0.6157,False,,,,,
cheap_head,25,rmc,indobenchmark/indobert-base-p2,rmc_cheap_head_grid,0.4,1,similarity,linear,0.954463,0.972896,0.957265,0.95172,0.92549,6588,0.12,0,0.0,"Grid RM-c (head RM-b termurah = run#1 linear, cost-ablation), alpha=0.4 k=1, weighting=similarity -- replikasi metodologi grid resmi (RMC_TUNING_GRID.md) tapi dengan head linear (1.538 param) bukan mlp/1024.",2026-08-03 14:07:04,0.7505,False,,,,,
cheap_head,26,rmc,indobenchmark/indobert-base-p2,rmc_cheap_head_grid,0.4,3,similarity,linear,0.955863,0.973609,0.956554,0.955175,0.927875,6588,0.1,0,0.0,"Grid RM-c (head RM-b termurah = run#1 linear, cost-ablation), alpha=0.4 k=3, weighting=similarity -- replikasi metodologi grid resmi (RMC_TUNING_GRID.md) tapi dengan head linear (1.538 param) bukan mlp/1024.",2026-08-03 14:07:04,0.14,True,,,,,
cheap_head,27,rmc,indobenchmark/indobert-base-p2,rmc_cheap_head_grid,0.4,5,similarity,linear,0.95712,0.974322,0.95712,0.95712,0.929961,6588,0.12,0,0.0,"Grid RM-c (head RM-b termurah = run#1 linear, cost-ablation), alpha=0.4 k=5, weighting=similarity -- replikasi metodologi grid resmi (RMC_TUNING_GRID.md) tapi dengan head linear (1.538 param) bukan mlp/1024.",2026-08-03 14:07:04,0.1257,True,,,,,
cheap_head,28,rmc,indobenchmark/indobert-base-p2,rmc_cheap_head_grid,0.4,10,similarity,linear,0.950942,0.970756,0.953017,0.948902,0.919765,6588,0.11,0,0.0,"Grid RM-c (head RM-b termurah = run#1 linear, cost-ablation), alpha=0.4 k=10, weighting=similarity -- replikasi metodologi grid resmi (RMC_TUNING_GRID.md) tapi dengan head linear (1.538 param) bukan mlp/1024.",2026-08-03 14:07:04,-0.6178,False,,,,,
cheap_head,29,rmc,indobenchmark/indobert-base-p2,rmc_cheap_head_grid,0.4,20,similarity,linear,0.944876,0.96719,0.947619,0.942192,0.909804,6588,0.11,0,0.0,"Grid RM-c (head RM-b termurah = run#1 linear, cost-ablation), alpha=0.4 k=20, weighting=similarity -- replikasi metodologi grid resmi (RMC_TUNING_GRID.md) tapi dengan head linear (1.538 param) bukan mlp/1024.",2026-08-03 14:07:05,-1.2244,False,,,,,
cheap_head,30,rmc,indobenchmark/indobert-base-p2,rmc_cheap_head_grid,0.4,50,similarity,linear,0.949669,0.970043,0.952442,0.946956,0.917647,6588,0.1,0,0.0,"Grid RM-c (head RM-b termurah = run#1 linear, cost-ablation), alpha=0.4 k=50, weighting=similarity -- replikasi metodologi grid resmi (RMC_TUNING_GRID.md) tapi dengan head linear (1.538 param) bukan mlp/1024.",2026-08-03 14:07:05,-0.7451,False,,,,,
cheap_head,31,rmc,indobenchmark/indobert-base-p2,rmc_cheap_head_grid,0.5,1,similarity,linear,0.938222,0.963623,0.945941,0.930955,0.898608,6588,0.11,0,0.0,"Grid RM-c (head RM-b termurah = run#1 linear, cost-ablation), alpha=0.5 k=1, weighting=similarity -- replikasi metodologi grid resmi (RMC_TUNING_GRID.md) tapi dengan head linear (1.538 param) bukan mlp/1024.",2026-08-03 14:07:05,-1.8898,False,,,,,
cheap_head,32,rmc,indobenchmark/indobert-base-p2,rmc_cheap_head_grid,0.5,3,similarity,linear,0.957603,0.975036,0.965662,0.950013,0.930417,6588,0.1,0,0.0,"Grid RM-c (head RM-b termurah = run#1 linear, cost-ablation), alpha=0.5 k=3, weighting=similarity -- replikasi metodologi grid resmi (RMC_TUNING_GRID.md) tapi dengan head linear (1.538 param) bukan mlp/1024.",2026-08-03 14:07:05,0.0483,True,,,,,
cheap_head,33,rmc,indobenchmark/indobert-base-p2,rmc_cheap_head_grid,0.5,5,similarity,linear,0.955181,0.973609,0.963197,0.947631,0.926441,6588,0.11,0,0.0,"Grid RM-c (head RM-b termurah = run#1 linear, cost-ablation), alpha=0.5 k=5, weighting=similarity -- replikasi metodologi grid resmi (RMC_TUNING_GRID.md) tapi dengan head linear (1.538 param) bukan mlp/1024.",2026-08-03 14:07:05,-0.2422,False,,,,,
cheap_head,34,rmc,indobenchmark/indobert-base-p2,rmc_cheap_head_grid,0.5,10,similarity,linear,0.950335,0.970756,0.958267,0.942866,0.918489,6588,0.12,0,0.0,"Grid RM-c (head RM-b termurah = run#1 linear, cost-ablation), alpha=0.5 k=10, weighting=similarity -- replikasi metodologi grid resmi (RMC_TUNING_GRID.md) tapi dengan head linear (1.538 param) bukan mlp/1024.",2026-08-03 14:07:06,-0.7268,False,,,,,
cheap_head,35,rmc,indobenchmark/indobert-base-p2,rmc_cheap_head_grid,0.5,20,similarity,linear,0.947913,0.96933,0.955801,0.940484,0.914513,6588,0.1,0,0.0,"Grid RM-c (head RM-b termurah = run#1 linear, cost-ablation), alpha=0.5 k=20, weighting=similarity -- replikasi metodologi grid resmi (RMC_TUNING_GRID.md) tapi dengan head linear (1.538 param) bukan mlp/1024.",2026-08-03 14:07:06,-0.969,False,,,,,
cheap_head,36,rmc,indobenchmark/indobert-base-p2,rmc_cheap_head_grid,0.5,50,similarity,linear,0.944192,0.96719,0.952774,0.936156,0.908367,6588,0.11,0,0.0,"Grid RM-c (head RM-b termurah = run#1 linear, cost-ablation), alpha=0.5 k=50, weighting=similarity -- replikasi metodologi grid resmi (RMC_TUNING_GRID.md) tapi dengan head linear (1.538 param) bukan mlp/1024.",2026-08-03 14:07:06,-1.3411,False,,,,,
cheap_head,37,rmc,indobenchmark/indobert-base-p2,rmc_cheap_head_grid,0.6,1,similarity,linear,0.938222,0.963623,0.945941,0.930955,0.898608,6588,0.13,0,0.0,"Grid RM-c (head RM-b termurah = run#1 linear, cost-ablation), alpha=0.6 k=1, weighting=similarity -- replikasi metodologi grid resmi (RMC_TUNING_GRID.md) tapi dengan head linear (1.538 param) bukan mlp/1024.",2026-08-03 14:07:06,-1.9381,False,,,,,
cheap_head,38,rmc,indobenchmark/indobert-base-p2,rmc_cheap_head_grid,0.6,3,similarity,linear,0.95605,0.974322,0.968056,0.94505,0.927711,6588,0.11,0,0.0,"Grid RM-c (head RM-b termurah = run#1 linear, cost-ablation), alpha=0.6 k=3, weighting=similarity -- replikasi metodologi grid resmi (RMC_TUNING_GRID.md) tapi dengan head linear (1.538 param) bukan mlp/1024.",2026-08-03 14:07:06,-0.1553,False,,,,,
cheap_head,39,rmc,indobenchmark/indobert-base-p2,rmc_cheap_head_grid,0.6,5,similarity,linear,0.954758,0.973609,0.967549,0.943104,0.925553,6588,0.1,0,0.0,"Grid RM-c (head RM-b termurah = run#1 linear, cost-ablation), alpha=0.6 k=5, weighting=similarity -- replikasi metodologi grid resmi (RMC_TUNING_GRID.md) tapi dengan head linear (1.538 param) bukan mlp/1024.",2026-08-03 14:07:06,-0.2845,False,,,,,
cheap_head,40,rmc,indobenchmark/indobert-base-p2,rmc_cheap_head_grid,0.6,10,similarity,linear,0.951166,0.971469,0.963045,0.940285,0.919679,6588,0.12,0,0.0,"Grid RM-c (head RM-b termurah = run#1 linear, cost-ablation), alpha=0.6 k=10, weighting=similarity -- replikasi metodologi grid resmi (RMC_TUNING_GRID.md) tapi dengan head linear (1.538 param) bukan mlp/1024.",2026-08-03 14:07:07,-0.6437,False,,,,,
cheap_head,41,rmc,indobenchmark/indobert-base-p2,rmc_cheap_head_grid,0.6,20,similarity,linear,0.945148,0.967903,0.956077,0.935084,0.90982,6588,0.13,0,0.0,"Grid RM-c (head RM-b termurah = run#1 linear, cost-ablation), alpha=0.6 k=20, weighting=similarity -- replikasi metodologi grid resmi (RMC_TUNING_GRID.md) tapi dengan head linear (1.538 param) bukan mlp/1024.",2026-08-03 14:07:07,-1.2455,False,,,,,
cheap_head,42,rmc,indobenchmark/indobert-base-p2,rmc_cheap_head_grid,0.6,50,similarity,linear,0.939703,0.96505,0.95533,0.925793,0.900609,6588,0.15,0,0.0,"Grid RM-c (head RM-b termurah = run#1 linear, cost-ablation), alpha=0.6 k=50, weighting=similarity -- replikasi metodologi grid resmi (RMC_TUNING_GRID.md) tapi dengan head linear (1.538 param) bukan mlp/1024.",2026-08-03 14:07:07,-1.79,False,,,,,
cheap_head,43,rmc,indobenchmark/indobert-base-p2,rmc_cheap_head_grid,0.7,1,similarity,linear,0.938222,0.963623,0.945941,0.930955,0.898608,6588,0.14,0,0.0,"Grid RM-c (head RM-b termurah = run#1 linear, cost-ablation), alpha=0.7 k=1, weighting=similarity -- replikasi metodologi grid resmi (RMC_TUNING_GRID.md) tapi dengan head linear (1.538 param) bukan mlp/1024.",2026-08-03 14:07:07,-1.9381,False,,,,,
cheap_head,44,rmc,indobenchmark/indobert-base-p2,rmc_cheap_head_grid,0.7,3,similarity,linear,0.943485,0.96719,0.958411,0.930121,0.906883,6588,0.11,0,0.0,"Grid RM-c (head RM-b termurah = run#1 linear, cost-ablation), alpha=0.7 k=3, weighting=similarity -- replikasi metodologi grid resmi (RMC_TUNING_GRID.md) tapi dengan head linear (1.538 param) bukan mlp/1024.",2026-08-03 14:07:07,-1.4118,False,,,,,
cheap_head,45,rmc,indobenchmark/indobert-base-p2,rmc_cheap_head_grid,0.7,5,similarity,linear,0.948068,0.970043,0.966572,0.931868,0.914286,6588,0.11,0,0.0,"Grid RM-c (head RM-b termurah = run#1 linear, cost-ablation), alpha=0.7 k=5, weighting=similarity -- replikasi metodologi grid resmi (RMC_TUNING_GRID.md) tapi dengan head linear (1.538 param) bukan mlp/1024.",2026-08-03 14:07:08,-0.9535,False,,,,,
cheap_head,46,rmc,indobenchmark/indobert-base-p2,rmc_cheap_head_grid,0.7,10,similarity,linear,0.949386,0.970756,0.967071,0.933813,0.916497,6588,0.12,0,0.0,"Grid RM-c (head RM-b termurah = run#1 linear, cost-ablation), alpha=0.7 k=10, weighting=similarity -- replikasi metodologi grid resmi (RMC_TUNING_GRID.md) tapi dengan head linear (1.538 param) bukan mlp/1024.",2026-08-03 14:07:08,-0.8217,False,,,,,
cheap_head,47,rmc,indobenchmark/indobert-base-p2,rmc_cheap_head_grid,0.7,20,similarity,linear,0.937242,0.963623,0.952783,0.923411,0.896552,6588,0.14,0,0.0,"Grid RM-c (head RM-b termurah = run#1 linear, cost-ablation), alpha=0.7 k=20, weighting=similarity -- replikasi metodologi grid resmi (RMC_TUNING_GRID.md) tapi dengan head linear (1.538 param) bukan mlp/1024.",2026-08-03 14:07:08,-2.0361,False,,,,,
cheap_head,48,rmc,indobenchmark/indobert-base-p2,rmc_cheap_head_grid,0.7,50,similarity,linear,0.933717,0.962197,0.957807,0.913484,0.890269,6588,0.12,0,0.0,"Grid RM-c (head RM-b termurah = run#1 linear, cost-ablation), alpha=0.7 k=50, weighting=similarity -- replikasi metodologi grid resmi (RMC_TUNING_GRID.md) tapi dengan head linear (1.538 param) bukan mlp/1024.",2026-08-03 14:07:08,-2.3886,False,,,,,
cheap_head,49,rmc,indobenchmark/indobert-base-p2,rmc_cheap_head_grid,0.8,1,similarity,linear,0.938222,0.963623,0.945941,0.930955,0.898608,6588,0.11,0,0.0,"Grid RM-c (head RM-b termurah = run#1 linear, cost-ablation), alpha=0.8 k=1, weighting=similarity -- replikasi metodologi grid resmi (RMC_TUNING_GRID.md) tapi dengan head linear (1.538 param) bukan mlp/1024.",2026-08-03 14:07:08,-1.9381,False,,,,,
cheap_head,50,rmc,indobenchmark/indobert-base-p2,rmc_cheap_head_grid,0.8,3,similarity,linear,0.939703,0.96505,0.95533,0.925793,0.900609,6588,0.11,0,0.0,"Grid RM-c (head RM-b termurah = run#1 linear, cost-ablation), alpha=0.8 k=3, weighting=similarity -- replikasi metodologi grid resmi (RMC_TUNING_GRID.md) tapi dengan head linear (1.538 param) bukan mlp/1024.",2026-08-03 14:07:09,-1.79,False,,,,,
cheap_head,51,rmc,indobenchmark/indobert-base-p2,rmc_cheap_head_grid,0.8,5,similarity,linear,0.944088,0.967903,0.965076,0.926031,0.907598,6588,0.12,0,0.0,"Grid RM-c (head RM-b termurah = run#1 linear, cost-ablation), alpha=0.8 k=5, weighting=similarity -- replikasi metodologi grid resmi (RMC_TUNING_GRID.md) tapi dengan head linear (1.538 param) bukan mlp/1024.",2026-08-03 14:07:09,-1.3515,False,,,,,
cheap_head,52,rmc,indobenchmark/indobert-base-p2,rmc_cheap_head_grid,0.8,10,similarity,linear,0.946399,0.96933,0.969317,0.926904,0.91134,6588,0.1,0,0.0,"Grid RM-c (head RM-b termurah = run#1 linear, cost-ablation), alpha=0.8 k=10, weighting=similarity -- replikasi metodologi grid resmi (RMC_TUNING_GRID.md) tapi dengan head linear (1.538 param) bukan mlp/1024.",2026-08-03 14:07:09,-1.1204,False,,,,,
cheap_head,53,rmc,indobenchmark/indobert-base-p2,rmc_cheap_head_grid,0.8,20,similarity,linear,0.937976,0.964337,0.957801,0.92083,0.897541,6588,0.1,0,0.0,"Grid RM-c (head RM-b termurah = run#1 linear, cost-ablation), alpha=0.8 k=20, weighting=similarity -- replikasi metodologi grid resmi (RMC_TUNING_GRID.md) tapi dengan head linear (1.538 param) bukan mlp/1024.",2026-08-03 14:07:09,-1.9627,False,,,,,
cheap_head,54,rmc,indobenchmark/indobert-base-p2,rmc_cheap_head_grid,0.8,50,similarity,linear,0.922694,0.956491,0.953656,0.89792,0.871579,6588,0.1,0,0.0,"Grid RM-c (head RM-b termurah = run#1 linear, cost-ablation), alpha=0.8 k=50, weighting=similarity -- replikasi metodologi grid resmi (RMC_TUNING_GRID.md) tapi dengan head linear (1.538 param) bukan mlp/1024.",2026-08-03 14:07:09,-3.4909,False,,,,,
cheap_head,55,rmc,indobenchmark/indobert-base-p2,rmc_cheap_head_grid,0.9,1,similarity,linear,0.938222,0.963623,0.945941,0.930955,0.898608,6588,0.12,0,0.0,"Grid RM-c (head RM-b termurah = run#1 linear, cost-ablation), alpha=0.9 k=1, weighting=similarity -- replikasi metodologi grid resmi (RMC_TUNING_GRID.md) tapi dengan head linear (1.538 param) bukan mlp/1024.",2026-08-03 14:07:09,-1.9381,False,,,,,
cheap_head,56,rmc,indobenchmark/indobert-base-p2,rmc_cheap_head_grid,0.9,3,similarity,linear,0.939703,0.96505,0.95533,0.925793,0.900609,6588,0.12,0,0.0,"Grid RM-c (head RM-b termurah = run#1 linear, cost-ablation), alpha=0.9 k=3, weighting=similarity -- replikasi metodologi grid resmi (RMC_TUNING_GRID.md) tapi dengan head linear (1.538 param) bukan mlp/1024.",2026-08-03 14:07:10,-1.79,False,,,,,
cheap_head,57,rmc,indobenchmark/indobert-base-p2,rmc_cheap_head_grid,0.9,5,similarity,linear,0.941413,0.966476,0.964079,0.92214,0.903093,6588,0.1,0,0.0,"Grid RM-c (head RM-b termurah = run#1 linear, cost-ablation), alpha=0.9 k=5, weighting=similarity -- replikasi metodologi grid resmi (RMC_TUNING_GRID.md) tapi dengan head linear (1.538 param) bukan mlp/1024.",2026-08-03 14:07:10,-1.619,False,,,,,
cheap_head,58,rmc,indobenchmark/indobert-base-p2,rmc_cheap_head_grid,0.9,10,similarity,linear,0.942566,0.96719,0.966209,0.922577,0.904959,6588,0.11,0,0.0,"Grid RM-c (head RM-b termurah = run#1 linear, cost-ablation), alpha=0.9 k=10, weighting=similarity -- replikasi metodologi grid resmi (RMC_TUNING_GRID.md) tapi dengan head linear (1.538 param) bukan mlp/1024.",2026-08-03 14:07:10,-1.5037,False,,,,,
cheap_head,59,rmc,indobenchmark/indobert-base-p2,rmc_cheap_head_grid,0.9,20,similarity,linear,0.937366,0.964337,0.962583,0.916303,0.896266,6588,0.1,0,0.0,"Grid RM-c (head RM-b termurah = run#1 linear, cost-ablation), alpha=0.9 k=20, weighting=similarity -- replikasi metodologi grid resmi (RMC_TUNING_GRID.md) tapi dengan head linear (1.538 param) bukan mlp/1024.",2026-08-03 14:07:10,-2.0237,False,,,,,
cheap_head,60,rmc,indobenchmark/indobert-base-p2,rmc_cheap_head_grid,0.9,50,similarity,linear,0.913931,0.952211,0.952281,0.884738,0.856531,6588,0.1,0,0.0,"Grid RM-c (head RM-b termurah = run#1 linear, cost-ablation), alpha=0.9 k=50, weighting=similarity -- replikasi metodologi grid resmi (RMC_TUNING_GRID.md) tapi dengan head linear (1.538 param) bukan mlp/1024.",2026-08-03 14:07:10,-4.3672,False,,,,,
cheap_head,61,rmc,indobenchmark/indobert-base-p2,rmc_cheap_head_grid,1.0,1,similarity,linear,0.938222,0.963623,0.945941,0.930955,0.898608,6588,0.12,0,0.0,"Grid RM-c (head RM-b termurah = run#1 linear, cost-ablation), alpha=1.0 k=1, weighting=similarity -- replikasi metodologi grid resmi (RMC_TUNING_GRID.md) tapi dengan head linear (1.538 param) bukan mlp/1024.",2026-08-03 14:07:10,-1.9381,False,,,,,
cheap_head,62,rmc,indobenchmark/indobert-base-p2,rmc_cheap_head_grid,1.0,3,similarity,linear,0.939703,0.96505,0.95533,0.925793,0.900609,6588,0.11,0,0.0,"Grid RM-c (head RM-b termurah = run#1 linear, cost-ablation), alpha=1.0 k=3, weighting=similarity -- replikasi metodologi grid resmi (RMC_TUNING_GRID.md) tapi dengan head linear (1.538 param) bukan mlp/1024.",2026-08-03 14:07:11,-1.79,False,,,,,
cheap_head,63,rmc,indobenchmark/indobert-base-p2,rmc_cheap_head_grid,1.0,5,similarity,linear,0.941413,0.966476,0.964079,0.92214,0.903093,6588,0.09,0,0.0,"Grid RM-c (head RM-b termurah = run#1 linear, cost-ablation), alpha=1.0 k=5, weighting=similarity -- replikasi metodologi grid resmi (RMC_TUNING_GRID.md) tapi dengan head linear (1.538 param) bukan mlp/1024.",2026-08-03 14:07:11,-1.619,False,,,,,
cheap_head,64,rmc,indobenchmark/indobert-base-p2,rmc_cheap_head_grid,1.0,10,similarity,linear,0.943722,0.967903,0.968357,0.923013,0.906832,6588,0.11,0,0.0,"Grid RM-c (head RM-b termurah = run#1 linear, cost-ablation), alpha=1.0 k=10, weighting=similarity -- replikasi metodologi grid resmi (RMC_TUNING_GRID.md) tapi dengan head linear (1.538 param) bukan mlp/1024.",2026-08-03 14:07:11,-1.3881,False,,,,,
cheap_head,65,rmc,indobenchmark/indobert-base-p2,rmc_cheap_head_grid,1.0,20,similarity,linear,0.938314,0.96505,0.966438,0.915231,0.897704,6588,0.1,0,0.0,"Grid RM-c (head RM-b termurah = run#1 linear, cost-ablation), alpha=1.0 k=20, weighting=similarity -- replikasi metodologi grid resmi (RMC_TUNING_GRID.md) tapi dengan head linear (1.538 param) bukan mlp/1024.",2026-08-03 14:07:11,-1.9289,False,,,,,
cheap_head,66,rmc,indobenchmark/indobert-base-p2,rmc_cheap_head_grid,1.0,50,similarity,linear,0.907519,0.949358,0.953948,0.873938,0.845316,6588,0.1,0,0.0,"Grid RM-c (head RM-b termurah = run#1 linear, cost-ablation), alpha=1.0 k=50, weighting=similarity -- replikasi metodologi grid resmi (RMC_TUNING_GRID.md) tapi dengan head linear (1.538 param) bukan mlp/1024.",2026-08-03 14:07:11,-5.0084,False,,,,,
cheap_head,67,rmc,indobenchmark/indobert-base-p2,,0.5,3,similarity,linear,0.957603,0.975036,0.965662,0.950013,0.930417,6588,0.13,0,0.0,"Config final terpilih (head murah run#1 linear): alpha=0.5, k=3, weighting=similarity -- evaluasi TEST untuk perbandingan apel-ke-apel dengan RM-c resmi",2026-08-03 14:08:37,0.0,True,0.970819,0.951262,0.920388,0.915058,0.925781
cheap_head,68,rmc,indobenchmark/indobert-base-p2,,0.5,3,uniform,linear,0.957603,0.975036,0.965662,0.950013,0.930417,6588,0.08,0,0.0,"Tahap 2 RM-c (head murah, run#1 linear) -- cek weighting=uniform di sel pemenang Tahap 1 (alpha=0.5, k=3, similarity val F1=0.9576)",2026-08-03 14:09:08,0.0,True,0.97153,0.952379,0.922179,0.918605,0.925781
cheap_head,69,rmc,indobenchmark/indobert-base-p2,,0.4,5,similarity,linear,0.95712,0.974322,0.95712,0.95712,0.929961,6588,0.14,0,0.0,"Kandidat #2 RM-C (head murah run#1 linear): run#27 historis, alpha=0.4/k=5/similarity -- seri secara statistik dengan kandidat #1 (alpha=0.5/k=3)",2026-08-03 14:29:54,-0.0483,True,0.963701,0.939915,0.902111,0.886792,0.917969
candidate2,1,rmc,indobenchmark/indobert-base-p2,,0.2,3,similarity,mlp,0.968651,0.981455,0.974556,0.962996,0.948617,6588,0.05,0,0.0,"Kandidat #2 RM-C (head performa-terbaik run#28): alpha=0.2/k=3 -- config stabil berikutnya setelah k=5 (kandidat #1), menghindari k=1 yang mekanis tertinggi tapi tak stabil",2026-08-03 08:07:12,,,0.969395,0.948574,0.915851,0.917647,0.914062
