run_id,scenario,batch_id,model_name,alpha,k,weighting,head_arch_rmb,val_f1_macro,val_acc,val_precision_macro,val_recall_macro,val_f1_judi,index_vectors,eval_time_s,trainable_params,train_time_s,catatan,timestamp,delta_vs_best_f1_macro_pp,is_tie_with_best
1,rmc,rmc_tuning_grid,indobenchmark/indobert-base-p2,0.0,1,similarity,mlp,0.965301,0.979315,0.967441,0.963195,0.943249,6588,0.07,0,0.0,"Grid RM-c (weighting=similarity dikunci, head RM-b run#28), alpha=0,0 k=1 -- baseline murni head RM-b (retrieval diabaikan sepenuhnya) -- pembanding wajib: apakah RAC memperbaiki RM-b sama sekali?",2026-09-14 17:38:08,,
2,rmc,rmc_tuning_grid,indobenchmark/indobert-base-p2,0.0,3,similarity,mlp,0.965301,0.979315,0.967441,0.963195,0.943249,6588,0.05,0,0.0,"Grid RM-c (weighting=similarity dikunci, head RM-b run#28), alpha=0,0 k=3 -- baseline murni head RM-b (retrieval diabaikan sepenuhnya) -- pembanding wajib: apakah RAC memperbaiki RM-b sama sekali?",2026-09-14 17:38:08,0.0,True
3,rmc,rmc_tuning_grid,indobenchmark/indobert-base-p2,0.0,5,similarity,mlp,0.965301,0.979315,0.967441,0.963195,0.943249,6588,0.1,0,0.0,"Grid RM-c (weighting=similarity dikunci, head RM-b run#28), alpha=0,0 k=5 -- baseline murni head RM-b (retrieval diabaikan sepenuhnya) -- pembanding wajib: apakah RAC memperbaiki RM-b sama sekali?",2026-09-14 17:38:09,0.0,True
4,rmc,rmc_tuning_grid,indobenchmark/indobert-base-p2,0.0,10,similarity,mlp,0.965301,0.979315,0.967441,0.963195,0.943249,6588,0.05,0,0.0,"Grid RM-c (weighting=similarity dikunci, head RM-b run#28), alpha=0,0 k=10 -- baseline murni head RM-b (retrieval diabaikan sepenuhnya) -- pembanding wajib: apakah RAC memperbaiki RM-b sama sekali?",2026-09-14 17:38:09,0.0,True
5,rmc,rmc_tuning_grid,indobenchmark/indobert-base-p2,0.0,20,similarity,mlp,0.965301,0.979315,0.967441,0.963195,0.943249,6588,0.17,0,0.0,"Grid RM-c (weighting=similarity dikunci, head RM-b run#28), alpha=0,0 k=20 -- baseline murni head RM-b (retrieval diabaikan sepenuhnya) -- pembanding wajib: apakah RAC memperbaiki RM-b sama sekali?",2026-09-14 17:38:09,0.0,True
6,rmc,rmc_tuning_grid,indobenchmark/indobert-base-p2,0.0,50,similarity,mlp,0.965301,0.979315,0.967441,0.963195,0.943249,6588,0.05,0,0.0,"Grid RM-c (weighting=similarity dikunci, head RM-b run#28), alpha=0,0 k=50 -- baseline murni head RM-b (retrieval diabaikan sepenuhnya) -- pembanding wajib: apakah RAC memperbaiki RM-b sama sekali?",2026-09-14 17:38:09,0.0,True
7,rmc,rmc_tuning_grid,indobenchmark/indobert-base-p2,0.1,1,similarity,mlp,0.965301,0.979315,0.967441,0.963195,0.943249,6588,0.19,0,0.0,"Grid RM-c (weighting=similarity dikunci, head RM-b run#28), alpha=0.1 k=1 -- memetakan bobot fusi optimal x jumlah tetangga tanpa training tambahan.",2026-09-14 17:38:10,0.0,True
8,rmc,rmc_tuning_grid,indobenchmark/indobert-base-p2,0.1,3,similarity,mlp,0.962794,0.977889,0.96638,0.959304,0.939096,6588,0.11,0,0.0,"Grid RM-c (weighting=similarity dikunci, head RM-b run#28), alpha=0.1 k=3 -- memetakan bobot fusi optimal x jumlah tetangga tanpa training tambahan.",2026-09-14 17:38:10,-0.2507,False
9,rmc,rmc_tuning_grid,indobenchmark/indobert-base-p2,0.1,5,similarity,mlp,0.965195,0.979315,0.968799,0.961686,0.943026,6588,0.25,0,0.0,"Grid RM-c (weighting=similarity dikunci, head RM-b run#28), alpha=0.1 k=5 -- memetakan bobot fusi optimal x jumlah tetangga tanpa training tambahan.",2026-09-14 17:38:10,-0.0106,True
10,rmc,rmc_tuning_grid,indobenchmark/indobert-base-p2,0.1,10,similarity,mlp,0.965195,0.979315,0.968799,0.961686,0.943026,6588,0.09,0,0.0,"Grid RM-c (weighting=similarity dikunci, head RM-b run#28), alpha=0.1 k=10 -- memetakan bobot fusi optimal x jumlah tetangga tanpa training tambahan.",2026-09-14 17:38:10,-0.0106,True
11,rmc,rmc_tuning_grid,indobenchmark/indobert-base-p2,0.1,20,similarity,mlp,0.965195,0.979315,0.968799,0.961686,0.943026,6588,0.1,0,0.0,"Grid RM-c (weighting=similarity dikunci, head RM-b run#28), alpha=0.1 k=20 -- memetakan bobot fusi optimal x jumlah tetangga tanpa training tambahan.",2026-09-14 17:38:11,-0.0106,True
12,rmc,rmc_tuning_grid,indobenchmark/indobert-base-p2,0.1,50,similarity,mlp,0.963939,0.978602,0.968276,0.95974,0.940945,6588,0.18,0,0.0,"Grid RM-c (weighting=similarity dikunci, head RM-b run#28), alpha=0.1 k=50 -- memetakan bobot fusi optimal x jumlah tetangga tanpa training tambahan.",2026-09-14 17:38:11,-0.1362,True
13,rmc,rmc_tuning_grid,indobenchmark/indobert-base-p2,0.2,1,similarity,mlp,0.969995,0.982168,0.973637,0.96645,0.950884,6588,0.18,0,0.0,"Grid RM-c (weighting=similarity dikunci, head RM-b run#28), alpha=0.2 k=1 -- memetakan bobot fusi optimal x jumlah tetangga tanpa training tambahan.",2026-09-14 17:38:11,0.4694,False
14,rmc,rmc_tuning_grid,indobenchmark/indobert-base-p2,0.2,3,similarity,mlp,0.968651,0.981455,0.974556,0.962996,0.948617,6588,0.1,0,0.0,"Grid RM-c (weighting=similarity dikunci, head RM-b run#28), alpha=0.2 k=3 -- memetakan bobot fusi optimal x jumlah tetangga tanpa training tambahan.",2026-09-14 17:38:11,-0.1344,True
15,rmc,rmc_tuning_grid,indobenchmark/indobert-base-p2,0.2,5,similarity,mlp,0.969903,0.982168,0.975056,0.964941,0.95069,6588,0.17,0,0.0,"Grid RM-c (weighting=similarity dikunci, head RM-b run#28), alpha=0.2 k=5 -- memetakan bobot fusi optimal x jumlah tetangga tanpa training tambahan.",2026-09-14 17:38:12,-0.0092,True
16,rmc,rmc_tuning_grid,indobenchmark/indobert-base-p2,0.2,10,similarity,mlp,0.96624,0.980029,0.972114,0.960614,0.944664,6588,0.29,0,0.0,"Grid RM-c (weighting=similarity dikunci, head RM-b run#28), alpha=0.2 k=10 -- memetakan bobot fusi optimal x jumlah tetangga tanpa training tambahan.",2026-09-14 17:38:12,-0.3755,False
17,rmc,rmc_tuning_grid,indobenchmark/indobert-base-p2,0.2,20,similarity,mlp,0.96624,0.980029,0.972114,0.960614,0.944664,6588,0.09,0,0.0,"Grid RM-c (weighting=similarity dikunci, head RM-b run#28), alpha=0.2 k=20 -- memetakan bobot fusi optimal x jumlah tetangga tanpa training tambahan.",2026-09-14 17:38:12,-0.3755,False
18,rmc,rmc_tuning_grid,indobenchmark/indobert-base-p2,0.2,50,similarity,mlp,0.96498,0.979315,0.971606,0.958668,0.942574,6588,0.17,0,0.0,"Grid RM-c (weighting=similarity dikunci, head RM-b run#28), alpha=0.2 k=50 -- memetakan bobot fusi optimal x jumlah tetangga tanpa training tambahan.",2026-09-14 17:38:13,-0.5015,False
19,rmc,rmc_tuning_grid,indobenchmark/indobert-base-p2,0.3,1,similarity,mlp,0.967496,0.980742,0.972622,0.962559,0.946746,6588,0.2,0,0.0,"Grid RM-c (weighting=similarity dikunci, head RM-b run#28), alpha=0.3 k=1 -- memetakan bobot fusi optimal x jumlah tetangga tanpa training tambahan.",2026-09-14 17:38:13,-0.2499,False
20,rmc,rmc_tuning_grid,indobenchmark/indobert-base-p2,0.3,3,similarity,mlp,0.967294,0.980742,0.975522,0.959542,0.946322,6588,0.28,0,0.0,"Grid RM-c (weighting=similarity dikunci, head RM-b run#28), alpha=0.3 k=3 -- memetakan bobot fusi optimal x jumlah tetangga tanpa training tambahan.",2026-09-14 17:38:13,-0.2701,False
21,rmc,rmc_tuning_grid,indobenchmark/indobert-base-p2,0.3,5,similarity,mlp,0.967294,0.980742,0.975522,0.959542,0.946322,6588,0.08,0,0.0,"Grid RM-c (weighting=similarity dikunci, head RM-b run#28), alpha=0.3 k=5 -- memetakan bobot fusi optimal x jumlah tetangga tanpa training tambahan.",2026-09-14 17:38:13,-0.2701,False
22,rmc,rmc_tuning_grid,indobenchmark/indobert-base-p2,0.3,10,similarity,mlp,0.966135,0.980029,0.973556,0.959105,0.944444,6588,0.09,0,0.0,"Grid RM-c (weighting=similarity dikunci, head RM-b run#28), alpha=0.3 k=10 -- memetakan bobot fusi optimal x jumlah tetangga tanpa training tambahan.",2026-09-14 17:38:14,-0.386,False
23,rmc,rmc_tuning_grid,indobenchmark/indobert-base-p2,0.3,20,similarity,mlp,0.967294,0.980742,0.975522,0.959542,0.946322,6588,0.1,0,0.0,"Grid RM-c (weighting=similarity dikunci, head RM-b run#28), alpha=0.3 k=20 -- memetakan bobot fusi optimal x jumlah tetangga tanpa training tambahan.",2026-09-14 17:38:14,-0.2701,False
24,rmc,rmc_tuning_grid,indobenchmark/indobert-base-p2,0.3,50,similarity,mlp,0.966135,0.980029,0.973556,0.959105,0.944444,6588,0.09,0,0.0,"Grid RM-c (weighting=similarity dikunci, head RM-b run#28), alpha=0.3 k=50 -- memetakan bobot fusi optimal x jumlah tetangga tanpa training tambahan.",2026-09-14 17:38:14,-0.386,False
25,rmc,rmc_tuning_grid,indobenchmark/indobert-base-p2,0.4,1,similarity,mlp,0.968747,0.981455,0.973129,0.964505,0.948819,6588,0.09,0,0.0,"Grid RM-c (weighting=similarity dikunci, head RM-b run#28), alpha=0.4 k=1 -- memetakan bobot fusi optimal x jumlah tetangga tanpa training tambahan.",2026-09-14 17:38:14,-0.1248,True
26,rmc,rmc_tuning_grid,indobenchmark/indobert-base-p2,0.4,3,similarity,mlp,0.968554,0.981455,0.976013,0.961487,0.948413,6588,0.18,0,0.0,"Grid RM-c (weighting=similarity dikunci, head RM-b run#28), alpha=0.4 k=3 -- memetakan bobot fusi optimal x jumlah tetangga tanpa training tambahan.",2026-09-14 17:38:15,-0.1441,True
27,rmc,rmc_tuning_grid,indobenchmark/indobert-base-p2,0.4,5,similarity,mlp,0.968554,0.981455,0.976013,0.961487,0.948413,6588,0.11,0,0.0,"Grid RM-c (weighting=similarity dikunci, head RM-b run#28), alpha=0.4 k=5 -- memetakan bobot fusi optimal x jumlah tetangga tanpa training tambahan.",2026-09-14 17:38:15,-0.1441,True
28,rmc,rmc_tuning_grid,indobenchmark/indobert-base-p2,0.4,10,similarity,mlp,0.968456,0.981455,0.977503,0.959978,0.948207,6588,0.27,0,0.0,"Grid RM-c (weighting=similarity dikunci, head RM-b run#28), alpha=0.4 k=10 -- memetakan bobot fusi optimal x jumlah tetangga tanpa training tambahan.",2026-09-14 17:38:15,-0.1539,False
29,rmc,rmc_tuning_grid,indobenchmark/indobert-base-p2,0.4,20,similarity,mlp,0.967192,0.980742,0.97702,0.958033,0.946108,6588,0.17,0,0.0,"Grid RM-c (weighting=similarity dikunci, head RM-b run#28), alpha=0.4 k=20 -- memetakan bobot fusi optimal x jumlah tetangga tanpa training tambahan.",2026-09-14 17:38:15,-0.2803,False
30,rmc,rmc_tuning_grid,indobenchmark/indobert-base-p2,0.4,50,similarity,mlp,0.967192,0.980742,0.97702,0.958033,0.946108,6588,0.11,0,0.0,"Grid RM-c (weighting=similarity dikunci, head RM-b run#28), alpha=0.4 k=50 -- memetakan bobot fusi optimal x jumlah tetangga tanpa training tambahan.",2026-09-14 17:38:16,-0.2803,False
31,rmc,rmc_tuning_grid,indobenchmark/indobert-base-p2,0.5,1,similarity,mlp,0.938222,0.963623,0.945941,0.930955,0.898608,6588,0.33,0,0.0,"Grid RM-c (weighting=similarity dikunci, head RM-b run#28), alpha=0.5 k=1 -- memetakan bobot fusi optimal x jumlah tetangga tanpa training tambahan.",2026-09-14 17:38:16,-3.1773,False
32,rmc,rmc_tuning_grid,indobenchmark/indobert-base-p2,0.5,3,similarity,mlp,0.965816,0.980029,0.978077,0.954578,0.943775,6588,0.09,0,0.0,"Grid RM-c (weighting=similarity dikunci, head RM-b run#28), alpha=0.5 k=3 -- memetakan bobot fusi optimal x jumlah tetangga tanpa training tambahan.",2026-09-14 17:38:16,-0.4179,False
33,rmc,rmc_tuning_grid,indobenchmark/indobert-base-p2,0.5,5,similarity,mlp,0.968358,0.981455,0.979026,0.958469,0.948,6588,0.07,0,0.0,"Grid RM-c (weighting=similarity dikunci, head RM-b run#28), alpha=0.5 k=5 -- memetakan bobot fusi optimal x jumlah tetangga tanpa training tambahan.",2026-09-14 17:38:17,-0.1637,False
34,rmc,rmc_tuning_grid,indobenchmark/indobert-base-p2,0.5,10,similarity,mlp,0.965816,0.980029,0.978077,0.954578,0.943775,6588,0.09,0,0.0,"Grid RM-c (weighting=similarity dikunci, head RM-b run#28), alpha=0.5 k=10 -- memetakan bobot fusi optimal x jumlah tetangga tanpa training tambahan.",2026-09-14 17:38:17,-0.4179,False
35,rmc,rmc_tuning_grid,indobenchmark/indobert-base-p2,0.5,20,similarity,mlp,0.967089,0.980742,0.978552,0.956524,0.945892,6588,0.28,0,0.0,"Grid RM-c (weighting=similarity dikunci, head RM-b run#28), alpha=0.5 k=20 -- memetakan bobot fusi optimal x jumlah tetangga tanpa training tambahan.",2026-09-14 17:38:17,-0.2906,False
36,rmc,rmc_tuning_grid,indobenchmark/indobert-base-p2,0.5,50,similarity,mlp,0.963259,0.978602,0.97713,0.950687,0.939516,6588,0.09,0,0.0,"Grid RM-c (weighting=similarity dikunci, head RM-b run#28), alpha=0.5 k=50 -- memetakan bobot fusi optimal x jumlah tetangga tanpa training tambahan.",2026-09-14 17:38:17,-0.6736,False
37,rmc,rmc_tuning_grid,indobenchmark/indobert-base-p2,0.6,1,similarity,mlp,0.938222,0.963623,0.945941,0.930955,0.898608,6588,0.19,0,0.0,"Grid RM-c (weighting=similarity dikunci, head RM-b run#28), alpha=0.6 k=1 -- memetakan bobot fusi optimal x jumlah tetangga tanpa training tambahan.",2026-09-14 17:38:17,-3.1773,False
38,rmc,rmc_tuning_grid,indobenchmark/indobert-base-p2,0.6,3,similarity,mlp,0.965816,0.980029,0.978077,0.954578,0.943775,6588,0.27,0,0.0,"Grid RM-c (weighting=similarity dikunci, head RM-b run#28), alpha=0.6 k=3 -- memetakan bobot fusi optimal x jumlah tetangga tanpa training tambahan.",2026-09-14 17:38:18,-0.4179,False
39,rmc,rmc_tuning_grid,indobenchmark/indobert-base-p2,0.6,5,similarity,mlp,0.964314,0.979315,0.980805,0.949615,0.941176,6588,0.15,0,0.0,"Grid RM-c (weighting=similarity dikunci, head RM-b run#28), alpha=0.6 k=5 -- memetakan bobot fusi optimal x jumlah tetangga tanpa training tambahan.",2026-09-14 17:38:18,-0.5681,False
40,rmc,rmc_tuning_grid,indobenchmark/indobert-base-p2,0.6,10,similarity,mlp,0.959392,0.976462,0.97571,0.944851,0.933063,6588,0.26,0,0.0,"Grid RM-c (weighting=similarity dikunci, head RM-b run#28), alpha=0.6 k=10 -- memetakan bobot fusi optimal x jumlah tetangga tanpa training tambahan.",2026-09-14 17:38:18,-1.0603,False
41,rmc,rmc_tuning_grid,indobenchmark/indobert-base-p2,0.6,20,similarity,mlp,0.95913,0.976462,0.978986,0.941833,0.932515,6588,0.1,0,0.0,"Grid RM-c (weighting=similarity dikunci, head RM-b run#28), alpha=0.6 k=20 -- memetakan bobot fusi optimal x jumlah tetangga tanpa training tambahan.",2026-09-14 17:38:19,-1.0865,False
42,rmc,rmc_tuning_grid,indobenchmark/indobert-base-p2,0.6,50,similarity,mlp,0.95796,0.975749,0.976867,0.941396,0.930612,6588,0.25,0,0.0,"Grid RM-c (weighting=similarity dikunci, head RM-b run#28), alpha=0.6 k=50 -- memetakan bobot fusi optimal x jumlah tetangga tanpa training tambahan.",2026-09-14 17:38:19,-1.2035,False
43,rmc,rmc_tuning_grid,indobenchmark/indobert-base-p2,0.7,1,similarity,mlp,0.938222,0.963623,0.945941,0.930955,0.898608,6588,0.18,0,0.0,"Grid RM-c (weighting=similarity dikunci, head RM-b run#28), alpha=0.7 k=1 -- memetakan bobot fusi optimal x jumlah tetangga tanpa training tambahan.",2026-09-14 17:38:19,-3.1773,False
44,rmc,rmc_tuning_grid,indobenchmark/indobert-base-p2,0.7,3,similarity,mlp,0.960685,0.977175,0.976183,0.946796,0.935223,6588,0.08,0,0.0,"Grid RM-c (weighting=similarity dikunci, head RM-b run#28), alpha=0.7 k=3 -- memetakan bobot fusi optimal x jumlah tetangga tanpa training tambahan.",2026-09-14 17:38:19,-0.931,False
45,rmc,rmc_tuning_grid,indobenchmark/indobert-base-p2,0.7,5,similarity,mlp,0.958228,0.975749,0.973644,0.944414,0.931174,6588,0.19,0,0.0,"Grid RM-c (weighting=similarity dikunci, head RM-b run#28), alpha=0.7 k=5 -- memetakan bobot fusi optimal x jumlah tetangga tanpa training tambahan.",2026-09-14 17:38:20,-1.1767,False
46,rmc,rmc_tuning_grid,indobenchmark/indobert-base-p2,0.7,10,similarity,mlp,0.955343,0.974322,0.975941,0.937505,0.92623,6588,0.19,0,0.0,"Grid RM-c (weighting=similarity dikunci, head RM-b run#28), alpha=0.7 k=10 -- memetakan bobot fusi optimal x jumlah tetangga tanpa training tambahan.",2026-09-14 17:38:20,-1.4652,False
47,rmc,rmc_tuning_grid,indobenchmark/indobert-base-p2,0.7,20,similarity,mlp,0.952709,0.972896,0.975016,0.933614,0.921811,6588,0.26,0,0.0,"Grid RM-c (weighting=similarity dikunci, head RM-b run#28), alpha=0.7 k=20 -- memetakan bobot fusi optimal x jumlah tetangga tanpa training tambahan.",2026-09-14 17:38:20,-1.7286,False
48,rmc,rmc_tuning_grid,indobenchmark/indobert-base-p2,0.7,50,similarity,mlp,0.947214,0.970043,0.974916,0.924323,0.9125,6588,0.17,0,0.0,"Grid RM-c (weighting=similarity dikunci, head RM-b run#28), alpha=0.7 k=50 -- memetakan bobot fusi optimal x jumlah tetangga tanpa training tambahan.",2026-09-14 17:38:21,-2.2781,False
49,rmc,rmc_tuning_grid,indobenchmark/indobert-base-p2,0.8,1,similarity,mlp,0.938222,0.963623,0.945941,0.930955,0.898608,6588,0.11,0,0.0,"Grid RM-c (weighting=similarity dikunci, head RM-b run#28), alpha=0.8 k=1 -- memetakan bobot fusi optimal x jumlah tetangga tanpa training tambahan.",2026-09-14 17:38:21,-3.1773,False
50,rmc,rmc_tuning_grid,indobenchmark/indobert-base-p2,0.8,3,similarity,mlp,0.941027,0.965763,0.955872,0.927739,0.902834,6588,0.11,0,0.0,"Grid RM-c (weighting=similarity dikunci, head RM-b run#28), alpha=0.8 k=3 -- memetakan bobot fusi optimal x jumlah tetangga tanpa training tambahan.",2026-09-14 17:38:21,-2.8968,False
51,rmc,rmc_tuning_grid,indobenchmark/indobert-base-p2,0.8,5,similarity,mlp,0.951699,0.972183,0.971239,0.934686,0.920245,6588,0.25,0,0.0,"Grid RM-c (weighting=similarity dikunci, head RM-b run#28), alpha=0.8 k=5 -- memetakan bobot fusi optimal x jumlah tetangga tanpa training tambahan.",2026-09-14 17:38:22,-1.8296,False
52,rmc,rmc_tuning_grid,indobenchmark/indobert-base-p2,0.8,10,similarity,mlp,0.952554,0.972896,0.976721,0.932105,0.921488,6588,0.1,0,0.0,"Grid RM-c (weighting=similarity dikunci, head RM-b run#28), alpha=0.8 k=10 -- memetakan bobot fusi optimal x jumlah tetangga tanpa training tambahan.",2026-09-14 17:38:22,-1.7441,False
53,rmc,rmc_tuning_grid,indobenchmark/indobert-base-p2,0.8,20,similarity,mlp,0.946223,0.96933,0.970994,0.925395,0.910973,6588,0.17,0,0.0,"Grid RM-c (weighting=similarity dikunci, head RM-b run#28), alpha=0.8 k=20 -- memetakan bobot fusi optimal x jumlah tetangga tanpa training tambahan.",2026-09-14 17:38:22,-2.3772,False
54,rmc,rmc_tuning_grid,indobenchmark/indobert-base-p2,0.8,50,similarity,mlp,0.936951,0.964337,0.965958,0.913286,0.895397,6588,0.16,0,0.0,"Grid RM-c (weighting=similarity dikunci, head RM-b run#28), alpha=0.8 k=50 -- memetakan bobot fusi optimal x jumlah tetangga tanpa training tambahan.",2026-09-14 17:38:22,-3.3044,False
55,rmc,rmc_tuning_grid,indobenchmark/indobert-base-p2,0.9,1,similarity,mlp,0.938222,0.963623,0.945941,0.930955,0.898608,6588,0.35,0,0.0,"Grid RM-c (weighting=similarity dikunci, head RM-b run#28), alpha=0.9 k=1 -- memetakan bobot fusi optimal x jumlah tetangga tanpa training tambahan.",2026-09-14 17:38:23,-3.1773,False
56,rmc,rmc_tuning_grid,indobenchmark/indobert-base-p2,0.9,3,similarity,mlp,0.939703,0.96505,0.95533,0.925793,0.900609,6588,0.27,0,0.0,"Grid RM-c (weighting=similarity dikunci, head RM-b run#28), alpha=0.9 k=3 -- memetakan bobot fusi optimal x jumlah tetangga tanpa training tambahan.",2026-09-14 17:38:23,-3.0292,False
57,rmc,rmc_tuning_grid,indobenchmark/indobert-base-p2,0.9,5,similarity,mlp,0.941413,0.966476,0.964079,0.92214,0.903093,6588,0.25,0,0.0,"Grid RM-c (weighting=similarity dikunci, head RM-b run#28), alpha=0.9 k=5 -- memetakan bobot fusi optimal x jumlah tetangga tanpa training tambahan.",2026-09-14 17:38:24,-2.8582,False
58,rmc,rmc_tuning_grid,indobenchmark/indobert-base-p2,0.9,10,similarity,mlp,0.946046,0.96933,0.97271,0.923887,0.910603,6588,0.11,0,0.0,"Grid RM-c (weighting=similarity dikunci, head RM-b run#28), alpha=0.9 k=10 -- memetakan bobot fusi optimal x jumlah tetangga tanpa training tambahan.",2026-09-14 17:38:24,-2.3949,False
59,rmc,rmc_tuning_grid,indobenchmark/indobert-base-p2,0.9,20,similarity,mlp,0.942377,0.96719,0.967877,0.921068,0.904564,6588,0.34,0,0.0,"Grid RM-c (weighting=similarity dikunci, head RM-b run#28), alpha=0.9 k=20 -- memetakan bobot fusi optimal x jumlah tetangga tanpa training tambahan.",2026-09-14 17:38:24,-2.7618,False
60,rmc,rmc_tuning_grid,indobenchmark/indobert-base-p2,0.9,50,similarity,mlp,0.921906,0.956491,0.958863,0.893394,0.869936,6588,0.12,0,0.0,"Grid RM-c (weighting=similarity dikunci, head RM-b run#28), alpha=0.9 k=50 -- memetakan bobot fusi optimal x jumlah tetangga tanpa training tambahan.",2026-09-14 17:38:24,-4.8089,False
61,rmc,rmc_tuning_grid,indobenchmark/indobert-base-p2,1.0,1,similarity,mlp,0.938222,0.963623,0.945941,0.930955,0.898608,6588,0.09,0,0.0,"Grid RM-c (weighting=similarity dikunci, head RM-b run#28), alpha=1,0 k=1 -- baseline murni retrieval k-NN (head diabaikan sepenuhnya) -- batas atas pengaruh retrieval.",2026-09-14 17:38:25,-3.1773,False
62,rmc,rmc_tuning_grid,indobenchmark/indobert-base-p2,1.0,3,similarity,mlp,0.939703,0.96505,0.95533,0.925793,0.900609,6588,0.09,0,0.0,"Grid RM-c (weighting=similarity dikunci, head RM-b run#28), alpha=1,0 k=3 -- baseline murni retrieval k-NN (head diabaikan sepenuhnya) -- batas atas pengaruh retrieval.",2026-09-14 17:38:25,-3.0292,False
63,rmc,rmc_tuning_grid,indobenchmark/indobert-base-p2,1.0,5,similarity,mlp,0.941413,0.966476,0.964079,0.92214,0.903093,6588,0.11,0,0.0,"Grid RM-c (weighting=similarity dikunci, head RM-b run#28), alpha=1,0 k=5 -- baseline murni retrieval k-NN (head diabaikan sepenuhnya) -- batas atas pengaruh retrieval.",2026-09-14 17:38:25,-2.8582,False
64,rmc,rmc_tuning_grid,indobenchmark/indobert-base-p2,1.0,10,similarity,mlp,0.943722,0.967903,0.968357,0.923013,0.906832,6588,0.15,0,0.0,"Grid RM-c (weighting=similarity dikunci, head RM-b run#28), alpha=1,0 k=10 -- baseline murni retrieval k-NN (head diabaikan sepenuhnya) -- batas atas pengaruh retrieval.",2026-09-14 17:38:25,-2.6273,False
65,rmc,rmc_tuning_grid,indobenchmark/indobert-base-p2,1.0,20,similarity,mlp,0.938314,0.96505,0.966438,0.915231,0.897704,6588,0.1,0,0.0,"Grid RM-c (weighting=similarity dikunci, head RM-b run#28), alpha=1,0 k=20 -- baseline murni retrieval k-NN (head diabaikan sepenuhnya) -- batas atas pengaruh retrieval.",2026-09-14 17:38:26,-3.1681,False
66,rmc,rmc_tuning_grid,indobenchmark/indobert-base-p2,1.0,50,similarity,mlp,0.907519,0.949358,0.953948,0.873938,0.845316,6588,0.19,0,0.0,"Grid RM-c (weighting=similarity dikunci, head RM-b run#28), alpha=1,0 k=50 -- baseline murni retrieval k-NN (head diabaikan sepenuhnya) -- batas atas pengaruh retrieval.",2026-09-14 17:38:26,-6.2476,False
67,rmc,rmc_tuning_grid_stage2,indobenchmark/indobert-base-p2,0.2,5,uniform,mlp,0.969903,0.982168,0.975056,0.964941,0.95069,6588,0.05,0,0.0,"Tahap 2 RM-c -- cek weighting=uniform di sel yang direkomendasikan (alpha=0,2 k=5, val F1-macro 0,969903 dgn weighting=similarity -- dipilih atas juara mekanis k=1/0,969995 karena k=1 secara statistik seri (delta 0,0092pp) tapi kurvanya tidak stabil/rentan 1 tetangga). Hasil similarity di sel ini sudah ada (run #15 Tahap 1) -- tinggal bandingkan apakah uniform lebih baik/sama/lebih buruk.",2026-09-14 17:38:27,-0.0092,True
